﻿"cr17b_agreedtoterms","cr17b_choice1","cr17b_choice2","cr17b_choice3","cr17b_choice4","cr17b_date","cr17b_dateofbirth","cr17b_firstname","importsequencenumber","cr17b_lastname","cr17b_patientfirstname","cr17b_patientinformationid","cr17b_patientlastname","cr17b_title","cr17b_relationshiptothepatient","cr17b_signature","statuscode","statecode","timezoneruleversionnumber","utcconversiontimezonecode","versionnumber","owningbusinessunit"
"True","False","False","False","False","2024-08-03 18:30:00.0000000","1990-08-28 18:30:00.0000000","Dixon","","B","Mohan","8fc5e4f3-2452-ef11-bfe3-7c1e523281ef","D","Patient-1003","8","Dixon B","1","0","0","","2173607","9a196730-c947-ef11-accd-7c1e523305bb"
"True","False","False","False","False","2024-08-03 18:30:00.0000000","2024-07-31 18:30:00.0000000","Suresh","","M","Mahesh","6261a460-2452-ef11-bfe3-7c1e523281ef","B","Patient-1002","2","Suresh","1","0","0","","2173605","9a196730-c947-ef11-accd-7c1e523305bb"
"True","False","False","False","False","2024-08-03 18:30:00.0000000","1989-08-01 18:30:00.0000000","Ramesh","","B","Mahesh","3b79d274-1e52-ef11-bfe3-7c1e523281ef","B","Patient-1001","1","Ramesh","1","0","0","","2173602","9a196730-c947-ef11-accd-7c1e523305bb"
"True","False","False","False","False","2024-08-02 18:30:00.0000000","2002-08-14 18:30:00.0000000","Ramesh","","B","Mahesh","b3f48e89-8f51-ef11-bfe3-7c1e523281ef","B","Patient-1000","1","Ramesh","1","0","0","","2173188","9a196730-c947-ef11-accd-7c1e523305bb"
